brand,model,parameter,value,unit,source_column,source
Bösendorfer,стандарт,Высота белых клавиш без облицовки над штульрамой,64,мм,4,Forss 2009
Aug. Förster,стандарт,Высота белых клавиш без облицовки над штульрамой,65,мм,6,Forss 2009
Grotrian-Steinweg,стандарт,Высота белых клавиш без облицовки над штульрамой,64,мм,7a,Forss 2009
Bechstein,стандарт,Высота белых клавиш с облицовкой над штульрамой,62,мм,2,Forss 2009
Blüthner,стандарт,Высота белых клавиш с облицовкой над штульрамой,72,мм,3a,Forss 2009
Aug. Förster,стандарт,Высота белых клавиш с облицовкой над штульрамой,67,мм,6,Forss 2009
Rud. Ibach,стандарт,Высота белых клавиш с облицовкой над штульрамой,66,мм,8,Forss 2009
Baldwin,стандарт,Высота черных клавиш над белыми,12.7,мм,1,Forss 2009
Bechstein,стандарт,Высота черных клавиш над белыми,12,мм,2,Forss 2009
Bösendorfer,стандарт,Высота черных клавиш над белыми,12.5,мм,4,Forss 2009
Fazioli,стандарт,Высота черных клавиш над белыми,12.5,мм,5,Forss 2009
Aug. Förster,стандарт,Высота черных клавиш над белыми,12,мм,6,Forss 2009
Grotrian-Steinweg,стандарт,Высота черных клавиш над белыми,12.5,мм,7a,Forss 2009
Baldwin,стандарт,Нажатая черная клавиша над ненажатой белой,3.2,мм,1,Forss 2009
Bechstein,стандарт,Нажатая черная клавиша над ненажатой белой,2.5,мм,2,Forss 2009
Bösendorfer,стандарт,Нажатая черная клавиша над ненажатой белой,2.5,мм,4,Forss 2009
Fazioli,стандарт,Нажатая черная клавиша над ненажатой белой,2.7,мм,5,Forss 2009
Aug. Förster,стандарт,Нажатая черная клавиша над ненажатой белой,2,мм,6,Forss 2009
Grotrian-Steinweg,стандарт,Нажатая черная клавиша над ненажатой белой,2.5,мм,7a,Forss 2009
Baldwin,стандарт,Возвышение середины клавиатуры над краями,0,мм,1,Forss 2009
Bösendorfer,стандарт,Возвышение середины клавиатуры над краями,0,мм,4,Forss 2009
Aug. Förster,стандарт,Возвышение середины клавиатуры над краями,0,мм,6,Forss 2009
Bechstein,стандарт,Друк белых клавиш,9.5,мм,2,Forss 2009
Blüthner,патентованная механика,Друк белых клавиш,9.00,мм,3b,Forss 2009
Bösendorfer,стандарт,Друк белых клавиш,10.3,мм,4,Forss 2009
Fazioli,стандарт,Друк белых клавиш,10.0,мм,5,Forss 2009
Aug. Förster,стандарт,Друк белых клавиш,10,мм,6,Forss 2009
Grotrian-Steinweg,стандарт,Друк белых клавиш,10,мм,7a,Forss 2009
Rud. Ibach,стандарт,Друк белых клавиш,10,мм,8,Forss 2009
Baldwin,стандарт,Друк черных клавиш,9.5,мм,1,Forss 2009
Bechstein,стандарт,Друк черных клавиш,9.5,мм,2,Forss 2009
Blüthner,стандарт,Друк черных клавиш,10,мм,3a,Forss 2009
Blüthner,патентованная механика,Друк черных клавиш,9.00,мм,3b,Forss 2009
Bösendorfer,стандарт,Друк черных клавиш,10.3,мм,4,Forss 2009
Fazioli,стандарт,Друк черных клавиш,9.8,мм,5,Forss 2009
Grotrian-Steinweg,стандарт,Друк черных клавиш,10,мм,7a,Forss 2009
Rud. Ibach,стандарт,Друк черных клавиш,10,мм,8,Forss 2009
Baldwin,стандарт,Штульрама плоская или с возвышением,0,мм,1,Forss 2009
Bösendorfer,стандарт,Штульрама плоская или с возвышением,0,мм,4,Forss 2009
Aug. Förster,стандарт,Штульрама плоская или с возвышением,0,мм,6,Forss 2009
Bösendorfer,стандарт,Люфт клавиш на средних и передних штифтах,0.2,мм,4,Forss 2009
Baldwin,стандарт,Расстояние между осями фигур и молотков,112.3,мм,1,Forss 2009
Bösendorfer,стандарт,Расстояние между осями фигур и молотков,113.5,мм,4,Forss 2009
Aug. Förster,стандарт,Расстояние между осями фигур и молотков,114,мм,6,Forss 2009
Grotrian-Steinweg,стандарт,Расстояние между осями фигур и молотков,114,мм,7a,Forss 2009
Grotrian-Steinweg,ранние механики,Расстояние между осями фигур и молотков,105,мм,7b,Forss 2009
Baldwin,стандарт,Штейнунг,47.6,мм,1,Forss 2009
Bechstein,стандарт,Штейнунг,45-47,мм,2,Forss 2009
Blüthner,стандарт,Штейнунг,45,мм,3a,Forss 2009
Blüthner,патентованная механика,Штейнунг,45,мм,3b,Forss 2009
Bösendorfer,стандарт,Штейнунг,46,мм,4,Forss 2009
Fazioli,стандарт,Штейнунг,47,мм,5,Forss 2009
Aug. Förster,стандарт,Штейнунг,45,мм,6,Forss 2009
Grotrian-Steinweg,стандарт,Штейнунг,45,мм,7a,Forss 2009
Grotrian-Steinweg,ранние механики,Штейнунг,45,мм,7b,Forss 2009
Rud. Ibach,стандарт,Штейнунг,45,мм,8,Forss 2009
Baldwin,стандарт,Расстояние от гаммерштилей до польстера рулейстика,3.2,мм,1,Forss 2009
Bechstein,стандарт,Расстояние от гаммерштилей до польстера рулейстика,2-3,мм,2,Forss 2009
Blüthner,патентованная механика,Расстояние от гаммерштилей до польстера рулейстика,0,мм,3b,Forss 2009
Bösendorfer,стандарт,Расстояние от гаммерштилей до польстера рулейстика,3,мм,4,Forss 2009
Aug. Förster,стандарт,Расстояние от гаммерштилей до польстера рулейстика,2-3,мм,6,Forss 2009
Baldwin,стандарт,Расстояние ауслезунга в басах,1.6,мм,1,Forss 2009
Bechstein,стандарт,Расстояние ауслезунга в басах,2,мм,2,Forss 2009
Blüthner,стандарт,Расстояние ауслезунга в басах,3,мм,3a,Forss 2009
Blüthner,патентованная механика,Расстояние ауслезунга в басах,3,мм,3b,Forss 2009
Bösendorfer,стандарт,Расстояние ауслезунга в басах,1.5,мм,4,Forss 2009
Aug. Förster,стандарт,Расстояние ауслезунга в басах,2,мм,6,Forss 2009
Grotrian-Steinweg,стандарт,Расстояние ауслезунга в басах,2,мм,7a,Forss 2009
Grotrian-Steinweg,ранние механики,Расстояние ауслезунга в басах,2,мм,7b,Forss 2009
Rud. Ibach,стандарт,Расстояние ауслезунга в басах,3,мм,8,Forss 2009
Baldwin,стандарт,Расстояние ауслезунга от струн в середине,1.6,мм,1,Forss 2009
Bechstein,стандарт,Расстояние ауслезунга от струн в середине,1,мм,2,Forss 2009
Blüthner,стандарт,Расстояние ауслезунга от струн в середине,2,мм,3a,Forss 2009
Blüthner,патентованная механика,Расстояние ауслезунга от струн в середине,2,мм,3b,Forss 2009
Bösendorfer,стандарт,Расстояние ауслезунга от струн в середине,1.5,мм,4,Forss 2009
Fazioli,стандарт,Расстояние ауслезунга от струн в середине,1.0,мм,5,Forss 2009
Aug. Förster,стандарт,Расстояние ауслезунга от струн в середине,2,мм,6,Forss 2009
Grotrian-Steinweg,стандарт,Расстояние ауслезунга от струн в середине,2,мм,7a,Forss 2009
Grotrian-Steinweg,ранние механики,Расстояние ауслезунга от струн в середине,2,мм,7b,Forss 2009
Rud. Ibach,стандарт,Расстояние ауслезунга от струн в середине,2,мм,8,Forss 2009
Baldwin,стандарт,Расстояние ауслезунга от струн в дискантах,1.6,мм,1,Forss 2009
Bechstein,стандарт,Расстояние ауслезунга от струн в дискантах,1,мм,2,Forss 2009
Blüthner,стандарт,Расстояние ауслезунга от струн в дискантах,1.5,мм,3a,Forss 2009
Blüthner,патентованная механика,Расстояние ауслезунга от струн в дискантах,1.5,мм,3b,Forss 2009
Bösendorfer,стандарт,Расстояние ауслезунга от струн в дискантах,1.0,мм,4,Forss 2009
Fazioli,стандарт,Расстояние ауслезунга от струн в дискантах,1.0,мм,5,Forss 2009
Aug. Förster,стандарт,Расстояние ауслезунга от струн в дискантах,2,мм,6,Forss 2009
Grotrian-Steinweg,стандарт,Расстояние ауслезунга от струн в дискантах,2,мм,7a,Forss 2009
Grotrian-Steinweg,ранние механики,Расстояние ауслезунга от струн в дискантах,2,мм,7b,Forss 2009
Rud. Ibach,стандарт,Расстояние ауслезунга от струн в дискантах,1,мм,8,Forss 2009
Blüthner,патентованная механика,Расстояние абника от струн в басах,4.5,мм,3b,Forss 2009
Bösendorfer,стандарт,Расстояние абника от струн в басах,3.0,мм,4,Forss 2009
Aug. Förster,стандарт,Расстояние абника от струн в басах,4,мм,6,Forss 2009
Blüthner,патентованная механика,Расстояние абника от струн в середине,3.5,мм,3b,Forss 2009
Bösendorfer,стандарт,Расстояние абника от струн в середине,3.0,мм,4,Forss 2009
Aug. Förster,стандарт,Расстояние абника от струн в середине,4,мм,6,Forss 2009
Blüthner,патентованная механика,Расстояние абника от струн в дискантах,3,мм,3b,Forss 2009
Bösendorfer,стандарт,Расстояние абника от струн в дискантах,2.5,мм,4,Forss 2009
Aug. Förster,стандарт,Расстояние абника от струн в дискантах,4,мм,6,Forss 2009
Baldwin,стандарт,Расстояние абника от уровня ауслезунга в басах,1.6,мм,1,Forss 2009
Bechstein,стандарт,Расстояние абника от уровня ауслезунга в басах,2,мм,2,Forss 2009
Blüthner,стандарт,Расстояние абника от уровня ауслезунга в басах,1.5,мм,3a,Forss 2009
Blüthner,патентованная механика,Расстояние абника от уровня ауслезунга в басах,1.5,мм,3b,Forss 2009
Fazioli,стандарт,Расстояние абника от уровня ауслезунга в басах,2.0,мм,5,Forss 2009
Aug. Förster,стандарт,Расстояние абника от уровня ауслезунга в басах,2,мм,6,Forss 2009
Grotrian-Steinweg,стандарт,Расстояние абника от уровня ауслезунга в басах,2,мм,7a,Forss 2009
Grotrian-Steinweg,ранние механики,Расстояние абника от уровня ауслезунга в басах,2,мм,7b,Forss 2009
Rud. Ibach,стандарт,Расстояние абника от уровня ауслезунга в басах,2,мм,8,Forss 2009
Baldwin,стандарт,Расстояние абника от уровня ауслезунга в середине,1.6,мм,1,Forss 2009
Bechstein,стандарт,Расстояние абника от уровня ауслезунга в середине,2,мм,2,Forss 2009
Blüthner,стандарт,Расстояние абника от уровня ауслезунга в середине,1.5,мм,3a,Forss 2009
Blüthner,патентованная механика,Расстояние абника от уровня ауслезунга в середине,1.5,мм,3b,Forss 2009
Fazioli,стандарт,Расстояние абника от уровня ауслезунга в середине,2.0,мм,5,Forss 2009
Aug. Förster,стандарт,Расстояние абника от уровня ауслезунга в середине,2,мм,6,Forss 2009
Grotrian-Steinweg,стандарт,Расстояние абника от уровня ауслезунга в середине,1.5,мм,7a,Forss 2009
Grotrian-Steinweg,ранние механики,Расстояние абника от уровня ауслезунга в середине,1.5,мм,7b,Forss 2009
Rud. Ibach,стандарт,Расстояние абника от уровня ауслезунга в середине,2,мм,8,Forss 2009
Baldwin,стандарт,Расстояние абника от уровня ауслезунга в дискантах,1.6,мм,1,Forss 2009
Bechstein,стандарт,Расстояние абника от уровня ауслезунга в дискантах,2,мм,2,Forss 2009
Blüthner,стандарт,Расстояние абника от уровня ауслезунга в дискантах,1.5,мм,3a,Forss 2009
Blüthner,патентованная механика,Расстояние абника от уровня ауслезунга в дискантах,1.5,мм,3b,Forss 2009
Fazioli,стандарт,Расстояние абника от уровня ауслезунга в дискантах,2.0,мм,5,Forss 2009
Aug. Förster,стандарт,Расстояние абника от уровня ауслезунга в дискантах,2,мм,6,Forss 2009
Grotrian-Steinweg,стандарт,Расстояние абника от уровня ауслезунга в дискантах,1.5,мм,7a,Forss 2009
Grotrian-Steinweg,ранние механики,Расстояние абника от уровня ауслезунга в дискантах,1.5,мм,7b,Forss 2009
Rud. Ibach,стандарт,Расстояние абника от уровня ауслезунга в дискантах,2,мм,8,Forss 2009
Baldwin,стандарт,Подхват на фенгер от струн в басах,16,мм,1,Forss 2009
Bechstein,стандарт,Подхват на фенгер от струн в басах,15,мм,2,Forss 2009
Blüthner,стандарт,Подхват на фенгер от струн в басах,15,мм,3a,Forss 2009
Blüthner,патентованная механика,Подхват на фенгер от струн в басах,21,мм,3b,Forss 2009
Bösendorfer,стандарт,Подхват на фенгер от струн в басах,14,мм,4,Forss 2009
Fazioli,стандарт,Подхват на фенгер от струн в басах,15,мм,5,Forss 2009
Aug. Förster,стандарт,Подхват на фенгер от струн в басах,15-16,мм,6,Forss 2009
Grotrian-Steinweg,стандарт,Подхват на фенгер от струн в басах,14,мм,7a,Forss 2009
Rud. Ibach,стандарт,Подхват на фенгер от струн в басах,13,мм,8,Forss 2009
Baldwin,стандарт,Подхват на фенгер от струн в середине,16,мм,1,Forss 2009
Bechstein,стандарт,Подхват на фенгер от струн в середине,15,мм,2,Forss 2009
Blüthner,стандарт,Подхват на фенгер от струн в середине,15,мм,3a,Forss 2009
Blüthner,патентованная механика,Подхват на фенгер от струн в середине,21,мм,3b,Forss 2009
Bösendorfer,стандарт,Подхват на фенгер от струн в середине,14,мм,4,Forss 2009
Fazioli,стандарт,Подхват на фенгер от струн в середине,15,мм,5,Forss 2009
Aug. Förster,стандарт,Подхват на фенгер от струн в середине,15-16,мм,6,Forss 2009
Grotrian-Steinweg,стандарт,Подхват на фенгер от струн в середине,14,мм,7a,Forss 2009
Rud. Ibach,стандарт,Подхват на фенгер от струн в середине,13,мм,8,Forss 2009
Baldwin,стандарт,Подхват на фенгер от струн в дискантах,16,мм,1,Forss 2009
Bechstein,стандарт,Подхват на фенгер от струн в дискантах,15,мм,2,Forss 2009
Blüthner,стандарт,Подхват на фенгер от струн в дискантах,15,мм,3a,Forss 2009
Blüthner,патентованная механика,Подхват на фенгер от струн в дискантах,21,мм,3b,Forss 2009
Bösendorfer,стандарт,Подхват на фенгер от струн в дискантах,14,мм,4,Forss 2009
Fazioli,стандарт,Подхват на фенгер от струн в дискантах,15,мм,5,Forss 2009
Aug. Förster,стандарт,Подхват на фенгер от струн в дискантах,15-16,мм,6,Forss 2009
Grotrian-Steinweg,стандарт,Подхват на фенгер от струн в дискантах,14,мм,7a,Forss 2009
Rud. Ibach,стандарт,Подхват на фенгер от струн в дискантах,13,мм,8,Forss 2009
Bösendorfer,стандарт,Позиция молотков относительно хоров струн,0-2.5,мм,4,Forss 2009
Blüthner,патентованная механика,Нахдрук,0,мм,3b,Forss 2009
Aug. Förster,стандарт,Нахдрук,2,мм,6,Forss 2009
Aug. Förster,стандарт,Усилие репетиционной пружины на вершине репетиционного рычага,6-8,г,6,Forss 2009
Bösendorfer,стандарт,Позиция шпиллера относительно плоскости репетиционного рычага,0.1,мм,4,Forss 2009
Aug. Förster,стандарт,Позиция шпиллера относительно плоскости репетиционного рычага,0.1,мм,6,Forss 2009
Grotrian-Steinweg,стандарт,Позиция шпиллера относительно плоскости репетиционного рычага,0.3,мм,7a,Forss 2009
Aug. Förster,стандарт,Положение шпиллера относительно задней грани керна барабанчика,0,мм,6,Forss 2009
Aug. Förster,стандарт,Зазор между шпиллером и ограничительным польстером после ауслезунга,1,мм,6,Forss 2009
Baldwin,стандарт,Полуход / момент начала подъема демпфера,22,мм,1,Forss 2009
Bösendorfer,стандарт,Полуход / момент начала подъема демпфера,23,мм,4,Forss 2009
Fazioli,стандарт,Полуход / момент начала подъема демпфера,23.5,мм,5,Forss 2009
Aug. Förster,стандарт,Полуход / момент начала подъема демпфера,20,мм,6,Forss 2009
Rud. Ibach,стандарт,Полуход / момент начала подъема демпфера,22,мм,8,Forss 2009
Aug. Förster,стандарт,Расстояние между фильцем клавиш и ложками демпфера в исходном положении,4,мм,6,Forss 2009
Blüthner,патентованная механика,Расстояние до упора демпферных фигур в демпферлейстик при нажатых клавишах,2,мм,3b,Forss 2009
Bösendorfer,стандарт,Расстояние до упора демпферных фигур в демпферлейстик при нажатых клавишах,0.2,мм,4,Forss 2009
Aug. Förster,стандарт,Расстояние до упора демпферных фигур в демпферлейстик при нажатых клавишах,2,мм,6,Forss 2009
Bösendorfer,стандарт,Расстояние до упора демпферных фигур в демпферлейстик при нажатой правой педали,0,мм,4,Forss 2009
Aug. Förster,стандарт,Расстояние до упора демпферных фигур в демпферлейстик при нажатой правой педали,2,мм,6,Forss 2009
Baldwin,стандарт,Расстояние между черными клавишами и шуцлейстиком или фильцем клапа,3.2,мм,1,Forss 2009
Bösendorfer,стандарт,Расстояние между черными клавишами и шуцлейстиком или фильцем клапа,2,мм,4,Forss 2009
Aug. Förster,стандарт,Расстояние между черными клавишами и шуцлейстиком или фильцем клапа,1,мм,6,Forss 2009
Baldwin,стандарт,Минимальный статический игровой вес без демпферов в басах,48-52,г,1,Forss 2009
Bechstein,стандарт,Минимальный статический игровой вес без демпферов в басах,50,г,2,Forss 2009
Blüthner,стандарт,Минимальный статический игровой вес без демпферов в басах,55,г,3a,Forss 2009
Bösendorfer,стандарт,Минимальный статический игровой вес без демпферов в басах,52,г,4,Forss 2009
Aug. Förster,стандарт,Минимальный статический игровой вес без демпферов в басах,52-50,г,6,Forss 2009
Grotrian-Steinweg,стандарт,Минимальный статический игровой вес без демпферов в басах,52,г,7a,Forss 2009
Rud. Ibach,стандарт,Минимальный статический игровой вес без демпферов в басах,52,г,8,Forss 2009
Baldwin,стандарт,Минимальный статический игровой вес без демпферов в середине,48-52,г,1,Forss 2009
Bechstein,стандарт,Минимальный статический игровой вес без демпферов в середине,50,г,2,Forss 2009
Blüthner,стандарт,Минимальный статический игровой вес без демпферов в середине,55,г,3a,Forss 2009
Bösendorfer,стандарт,Минимальный статический игровой вес без демпферов в середине,50,г,4,Forss 2009
Aug. Förster,стандарт,Минимальный статический игровой вес без демпферов в середине,50,г,6,Forss 2009
Grotrian-Steinweg,стандарт,Минимальный статический игровой вес без демпферов в середине,52,г,7a,Forss 2009
Rud. Ibach,стандарт,Минимальный статический игровой вес без демпферов в середине,52,г,8,Forss 2009
Baldwin,стандарт,Минимальный статический игровой вес без демпферов в дискантах,48-52,г,1,Forss 2009
Bechstein,стандарт,Минимальный статический игровой вес без демпферов в дискантах,50,г,2,Forss 2009
Blüthner,стандарт,Минимальный статический игровой вес без демпферов в дискантах,55,г,3a,Forss 2009
Bösendorfer,стандарт,Минимальный статический игровой вес без демпферов в дискантах,48,г,4,Forss 2009
Aug. Förster,стандарт,Минимальный статический игровой вес без демпферов в дискантах,50-48,г,6,Forss 2009
Grotrian-Steinweg,стандарт,Минимальный статический игровой вес без демпферов в дискантах,50,г,7a,Forss 2009
Bösendorfer,стандарт,Максимальный статический игровой вес с демпферами в басах,75,г,4,Forss 2009
Bösendorfer,стандарт,Максимальный статический игровой вес с демпферами в середине,75,г,4,Forss 2009
Bösendorfer,стандарт,Максимальный статический игровой вес с демпферами в дискантах,65,г,4,Forss 2009
Baldwin,стандарт,"Вес подъема клавиши в басах, середине и дискантах",16-22,г,1,Forss 2009
Bösendorfer,стандарт,"Вес подъема клавиши в басах, середине и дискантах",20,г,4,Forss 2009
Baldwin,стандарт,Сдвиг механики от левой педали,3,мм,1,Forss 2009
Bösendorfer,стандарт,Сдвиг механики от левой педали,2.5,мм,4,Forss 2009
Aug. Förster,стандарт,Сдвиг механики от левой педали,2.2-2.5,мм,6,Forss 2009
Aug. Förster,стандарт,Трение в оси капсюля молотка,3,г,6,Forss 2009
Aug. Förster,стандарт,Трение в оси капсюля фигуры,3,г,6,Forss 2009
Aug. Förster,стандарт,Трение в оси капсюля репетиционного рычага,5,г,6,Forss 2009
Aug. Förster,стандарт,Трение в оси капсюля демпферной фигуры,2,г,6,Forss 2009
Aug. Förster,стандарт,Трение в оси капсюля демпфера,2-4,г,6,Forss 2009
Bösendorfer,стандарт,Расстояние от штанги до язычков тонхальтера,1,мм,4,Forss 2009
Petrof,Model IV 174 см,Высота белых клавиш без облицовки над штульрамой,63,мм,10,Forss 2009
Kimball,стандарт,Высота белых клавиш с облицовкой над штульрамой,65.1,мм,9,Forss 2009
Sauter,стандарт,Высота белых клавиш с облицовкой над штульрамой,65,мм,11,Forss 2009
Schimmel,<200 см,Высота белых клавиш с облицовкой над штульрамой,62,мм,12a,Forss 2009
Schimmel,>200 см,Высота белых клавиш с облицовкой над штульрамой,62,мм,12b,Forss 2009
Kimball,стандарт,Высота черных клавиш над белыми,12.7,мм,9,Forss 2009
Petrof,Model IV 174 см,Высота черных клавиш над белыми,12,мм,10,Forss 2009
Sauter,стандарт,Высота черных клавиш над белыми,12.5,мм,11,Forss 2009
Schimmel,<200 см,Высота черных клавиш над белыми,11.5,мм,12a,Forss 2009
Schimmel,>200 см,Высота черных клавиш над белыми,12.0-12.5,мм,12b,Forss 2009
Kimball,стандарт,Нажатая черная клавиша над ненажатой белой,2.4,мм,9,Forss 2009
Petrof,Model IV 174 см,Нажатая черная клавиша над ненажатой белой,1.5,мм,10,Forss 2009
Sauter,стандарт,Нажатая черная клавиша над ненажатой белой,1.5,мм,11,Forss 2009
Schimmel,<200 см,Возвышение середины клавиатуры над краями,1.0-1.5,мм,12a,Forss 2009
Schimmel,>200 см,Возвышение середины клавиатуры над краями,1.0-1.5,мм,12b,Forss 2009
Kimball,стандарт,Друк белых клавиш,10.3,мм,9,Forss 2009
Petrof,Model IV 174 см,Друк белых клавиш,10.5,мм,10,Forss 2009
Sauter,стандарт,Друк белых клавиш,10.0,мм,11,Forss 2009
Schimmel,<200 см,Друк белых клавиш,9.80-10.2,мм,12a,Forss 2009
Schimmel,>200 см,Друк белых клавиш,10.1-10.5,мм,12b,Forss 2009
Seiler,180 / 206 / 240,Друк белых клавиш,10,мм,13,Forss 2009
Kimball,стандарт,Друк черных клавиш,10.3,мм,9,Forss 2009
Petrof,Model IV 174 см,Друк черных клавиш,10.5,мм,10,Forss 2009
Sauter,стандарт,Друк черных клавиш,10,мм,11,Forss 2009
Kimball,стандарт,Штульрама плоская или с возвышением,0,мм,9,Forss 2009
Petrof,Model IV 174 см,Штульрама плоская или с возвышением,0,мм,10,Forss 2009
Sauter,стандарт,Штульрама плоская или с возвышением,0,мм,11,Forss 2009
Schimmel,<200 см,Штульрама плоская или с возвышением,0,мм,12a,Forss 2009
Schimmel,>200 см,Штульрама плоская или с возвышением,0,мм,12b,Forss 2009
Petrof,Model IV 174 см,Расстояние между осями фигур и молотков,93,мм,10,Forss 2009
Sauter,стандарт,Расстояние между осями фигур и молотков,115.5,мм,11,Forss 2009
Schimmel,<200 см,Расстояние между осями фигур и молотков,115,мм,12a,Forss 2009
Schimmel,>200 см,Расстояние между осями фигур и молотков,115,мм,12b,Forss 2009
Kimball,стандарт,Штейнунг,47.6,мм,9,Forss 2009
Petrof,Model IV 174 см,Штейнунг,45,мм,10,Forss 2009
Sauter,стандарт,Штейнунг,45,мм,11,Forss 2009
Schimmel,<200 см,Штейнунг,44-47,мм,12a,Forss 2009
Schimmel,>200 см,Штейнунг,44-47,мм,12b,Forss 2009
Seiler,180 / 206 / 240,Штейнунг,45,мм,13,Forss 2009
Petrof,Model IV 174 см,Расстояние от гаммерштилей до польстера рулейстика,4.0,мм,10,Forss 2009
Sauter,стандарт,Расстояние от гаммерштилей до польстера рулейстика,4.0,мм,11,Forss 2009
Schimmel,<200 см,Расстояние от гаммерштилей до польстера рулейстика,2.5,мм,12a,Forss 2009
Kimball,стандарт,Расстояние ауслезунга в басах,3.2,мм,9,Forss 2009
Petrof,Model IV 174 см,Расстояние ауслезунга в басах,3,мм,10,Forss 2009
Sauter,стандарт,Расстояние ауслезунга в басах,2,мм,11,Forss 2009
Schimmel,<200 см,Расстояние ауслезунга в басах,2.5,мм,12a,Forss 2009
Schimmel,>200 см,Расстояние ауслезунга в басах,2.5,мм,12b,Forss 2009
Seiler,180 / 206 / 240,Расстояние ауслезунга в басах,3,мм,13,Forss 2009
Kimball,стандарт,Расстояние ауслезунга от струн в середине,3.2,мм,9,Forss 2009
Petrof,Model IV 174 см,Расстояние ауслезунга от струн в середине,2,мм,10,Forss 2009
Sauter,стандарт,Расстояние ауслезунга от струн в середине,1,мм,11,Forss 2009
Schimmel,<200 см,Расстояние ауслезунга от струн в середине,2.0,мм,12a,Forss 2009
Schimmel,>200 см,Расстояние ауслезунга от струн в середине,2.0,мм,12b,Forss 2009
Seiler,180 / 206 / 240,Расстояние ауслезунга от струн в середине,2,мм,13,Forss 2009
Kimball,стандарт,Расстояние ауслезунга от струн в дискантах,3.2,мм,9,Forss 2009
Petrof,Model IV 174 см,Расстояние ауслезунга от струн в дискантах,2,мм,10,Forss 2009
Sauter,стандарт,Расстояние ауслезунга от струн в дискантах,1.5,мм,11,Forss 2009
Schimmel,<200 см,Расстояние ауслезунга от струн в дискантах,1.5,мм,12a,Forss 2009
Schimmel,>200 см,Расстояние ауслезунга от струн в дискантах,1.5,мм,12b,Forss 2009
Seiler,180 / 206 / 240,Расстояние ауслезунга от струн в дискантах,1.5,мм,13,Forss 2009
Kimball,стандарт,Расстояние абника от струн в басах,4.8,мм,9,Forss 2009
Petrof,Model IV 174 см,Расстояние абника от струн в басах,4.0,мм,10,Forss 2009
Kimball,стандарт,Расстояние абника от струн в середине,4.8,мм,9,Forss 2009
Petrof,Model IV 174 см,Расстояние абника от струн в середине,4.0,мм,10,Forss 2009
Kimball,стандарт,Расстояние абника от струн в дискантах,4.8,мм,9,Forss 2009
Petrof,Model IV 174 см,Расстояние абника от струн в дискантах,4.0,мм,10,Forss 2009
Sauter,стандарт,Расстояние абника от уровня ауслезунга в басах,2,мм,11,Forss 2009
Schimmel,<200 см,Расстояние абника от уровня ауслезунга в басах,2.0,мм,12a,Forss 2009
Schimmel,>200 см,Расстояние абника от уровня ауслезунга в басах,2.0,мм,12b,Forss 2009
Seiler,180 / 206 / 240,Расстояние абника от уровня ауслезунга в басах,1.5,мм,13,Forss 2009
Sauter,стандарт,Расстояние абника от уровня ауслезунга в середине,2,мм,11,Forss 2009
Schimmel,<200 см,Расстояние абника от уровня ауслезунга в середине,1.5,мм,12a,Forss 2009
Schimmel,>200 см,Расстояние абника от уровня ауслезунга в середине,1.5,мм,12b,Forss 2009
Seiler,180 / 206 / 240,Расстояние абника от уровня ауслезунга в середине,1.5,мм,13,Forss 2009
Sauter,стандарт,Расстояние абника от уровня ауслезунга в дискантах,2,мм,11,Forss 2009
Schimmel,<200 см,Расстояние абника от уровня ауслезунга в дискантах,1.5,мм,12a,Forss 2009
Schimmel,>200 см,Расстояние абника от уровня ауслезунга в дискантах,1.5,мм,12b,Forss 2009
Seiler,180 / 206 / 240,Расстояние абника от уровня ауслезунга в дискантах,1.5,мм,13,Forss 2009
Kimball,стандарт,Подхват на фенгер от струн в басах,16,мм,9,Forss 2009
Petrof,Model IV 174 см,Подхват на фенгер от струн в басах,16,мм,10,Forss 2009
Sauter,стандарт,Подхват на фенгер от струн в басах,15,мм,11,Forss 2009
Schimmel,<200 см,Подхват на фенгер от струн в басах,17-14,мм,12a,Forss 2009
Schimmel,>200 см,Подхват на фенгер от струн в басах,17-14,мм,12b,Forss 2009
Seiler,180 / 206 / 240,Подхват на фенгер от струн в басах,15,мм,13,Forss 2009
Kimball,стандарт,Подхват на фенгер от струн в середине,16,мм,9,Forss 2009
Petrof,Model IV 174 см,Подхват на фенгер от струн в середине,16,мм,10,Forss 2009
Sauter,стандарт,Подхват на фенгер от струн в середине,15,мм,11,Forss 2009
Schimmel,<200 см,Подхват на фенгер от струн в середине,16-13,мм,12a,Forss 2009
Schimmel,>200 см,Подхват на фенгер от струн в середине,16-13,мм,12b,Forss 2009
Seiler,180 / 206 / 240,Подхват на фенгер от струн в середине,15,мм,13,Forss 2009
Kimball,стандарт,Подхват на фенгер от струн в дискантах,16,мм,9,Forss 2009
Petrof,Model IV 174 см,Подхват на фенгер от струн в дискантах,16,мм,10,Forss 2009
Sauter,стандарт,Подхват на фенгер от струн в дискантах,15,мм,11,Forss 2009
Schimmel,<200 см,Подхват на фенгер от струн в дискантах,15-12,мм,12a,Forss 2009
Schimmel,>200 см,Подхват на фенгер от струн в дискантах,15-12,мм,12b,Forss 2009
Seiler,180 / 206 / 240,Подхват на фенгер от струн в дискантах,15,мм,13,Forss 2009
Petrof,Model IV 174 см,Позиция молотков относительно хоров струн,0-3,мм,10,Forss 2009
Petrof,Model IV 174 см,Нахдрук,2.0,мм,10,Forss 2009
Sauter,стандарт,Нахдрук,2.0,мм,11,Forss 2009
Schimmel,<200 см,Нахдрук,2.0,мм,12a,Forss 2009
Schimmel,>200 см,Нахдрук,2.0,мм,12b,Forss 2009
Sauter,стандарт,Позиция шпиллера относительно плоскости репетиционного рычага,0.3,мм,11,Forss 2009
Schimmel,<200 см,Позиция шпиллера относительно плоскости репетиционного рычага,0.1,мм,12a,Forss 2009
Schimmel,>200 см,Позиция шпиллера относительно плоскости репетиционного рычага,0.1,мм,12b,Forss 2009
Sauter,стандарт,Положение шпиллера относительно задней грани керна барабанчика,0.5,мм,11,Forss 2009
Schimmel,<200 см,Зазор между шпиллером и ограничительным польстером после ауслезунга,1.5-2.0,мм,12a,Forss 2009
Schimmel,>200 см,Зазор между шпиллером и ограничительным польстером после ауслезунга,1.5-2.0,мм,12b,Forss 2009
Schimmel,<200 см,Полуход / момент начала подъема демпфера,23-19,мм,12a,Forss 2009
Schimmel,>200 см,Полуход / момент начала подъема демпфера,23-19,мм,12b,Forss 2009
Petrof,Model IV 174 см,Расстояние между фильцем клавиш и ложками демпфера в исходном положении,3.0,мм,10,Forss 2009
Petrof,Model IV 174 см,Люфт демпферных проволок в отверстиях направляющего лейстика,0.3,мм,10,Forss 2009
Schimmel,<200 см,Люфт демпферных проволок в отверстиях направляющего лейстика,0.1-0.2,мм,12a,Forss 2009
Schimmel,>200 см,Люфт демпферных проволок в отверстиях направляющего лейстика,0.1-0.2,мм,12b,Forss 2009
Petrof,Model IV 174 см,Расстояние между черными клавишами и шуцлейстиком или фильцем клапа,2.0,мм,10,Forss 2009
Schimmel,<200 см,Расстояние между черными клавишами и шуцлейстиком или фильцем клапа,1.0-1.5,мм,12a,Forss 2009
Schimmel,>200 см,Расстояние между черными клавишами и шуцлейстиком или фильцем клапа,1.0-1.5,мм,12b,Forss 2009
Petrof,Model IV 174 см,Минимальный статический игровой вес без демпферов в басах,53,г,10,Forss 2009
Sauter,стандарт,Минимальный статический игровой вес без демпферов в басах,52,г,11,Forss 2009
Schimmel,<200 см,Минимальный статический игровой вес без демпферов в басах,58,г,12a,Forss 2009
Schimmel,>200 см,Минимальный статический игровой вес без демпферов в басах,58,г,12b,Forss 2009
Petrof,Model IV 174 см,Минимальный статический игровой вес без демпферов в середине,53,г,10,Forss 2009
Sauter,стандарт,Минимальный статический игровой вес без демпферов в середине,52,г,11,Forss 2009
Schimmel,<200 см,Минимальный статический игровой вес без демпферов в середине,53,г,12a,Forss 2009
Schimmel,>200 см,Минимальный статический игровой вес без демпферов в середине,53,г,12b,Forss 2009
Petrof,Model IV 174 см,Минимальный статический игровой вес без демпферов в дискантах,53,г,10,Forss 2009
Sauter,стандарт,Минимальный статический игровой вес без демпферов в дискантах,52,г,11,Forss 2009
Schimmel,<200 см,Минимальный статический игровой вес без демпферов в дискантах,50,г,12a,Forss 2009
Schimmel,>200 см,Минимальный статический игровой вес без демпферов в дискантах,50,г,12b,Forss 2009
Schimmel,<200 см,Максимальный статический игровой вес с демпферами в басах,114,г,12a,Forss 2009
Schimmel,>200 см,Максимальный статический игровой вес с демпферами в басах,114,г,12b,Forss 2009
Schimmel,<200 см,Максимальный статический игровой вес с демпферами в середине,95,г,12a,Forss 2009
Schimmel,>200 см,Максимальный статический игровой вес с демпферами в середине,95,г,12b,Forss 2009
Schimmel,<200 см,Максимальный статический игровой вес с демпферами в дискантах,72,г,12a,Forss 2009
Schimmel,>200 см,Максимальный статический игровой вес с демпферами в дискантах,72,г,12b,Forss 2009
Petrof,Model IV 174 см,"Вес подъема клавиши в басах, середине и дискантах",17-19,г,10,Forss 2009
Sauter,стандарт,"Вес подъема клавиши в басах, середине и дискантах",25-28,г,11,Forss 2009
Petrof,Model IV 174 см,Сдвиг механики от левой педали,4,мм,10,Forss 2009
Sauter,стандарт,Сдвиг механики от левой педали,2,мм,11,Forss 2009
Kimball,стандарт,Трение в оси капсюля молотка,3-8,г,9,Forss 2009
Kimball,стандарт,Трение в оси капсюля фигуры,4-10,г,9,Forss 2009
Kimball,стандарт,Трение в оси капсюля шпиллера,2-4,г,9,Forss 2009
Samick,SG-140A,Высота белых клавиш с облицовкой над штульрамой,64,мм,14a,Forss 2009
Samick,SG-155,Высота белых клавиш с облицовкой над штульрамой,69,мм,14b,Forss 2009
Samick,SG-172,Высота белых клавиш с облицовкой над штульрамой,69,мм,14c,Forss 2009
Samick,G-3A,Высота белых клавиш с облицовкой над штульрамой,69,мм,14d,Forss 2009
Samick,SG-185,Высота белых клавиш с облицовкой над штульрамой,65,мм,14e,Forss 2009
Samick,SG-205,Высота белых клавиш с облицовкой над штульрамой,63,мм,14f,Forss 2009
Samick,SG-225,Высота белых клавиш с облицовкой над штульрамой,63,мм,14g,Forss 2009
Samick,SG-275,Высота белых клавиш с облицовкой над штульрамой,63,мм,14h,Forss 2009
Samick,SG-140A,Нажатая черная клавиша над ненажатой белой,2,мм,14a,Forss 2009
Samick,SG-155,Нажатая черная клавиша над ненажатой белой,2,мм,14b,Forss 2009
Samick,SG-172,Нажатая черная клавиша над ненажатой белой,2,мм,14c,Forss 2009
Samick,G-3A,Нажатая черная клавиша над ненажатой белой,2,мм,14d,Forss 2009
Samick,SG-185,Нажатая черная клавиша над ненажатой белой,2,мм,14e,Forss 2009
Samick,SG-205,Нажатая черная клавиша над ненажатой белой,2,мм,14f,Forss 2009
Samick,SG-225,Нажатая черная клавиша над ненажатой белой,2,мм,14g,Forss 2009
Samick,SG-275,Нажатая черная клавиша над ненажатой белой,2,мм,14h,Forss 2009
Samick,SG-140A,Друк белых клавиш,10,мм,14a,Forss 2009
Samick,SG-155,Друк белых клавиш,10,мм,14b,Forss 2009
Samick,SG-172,Друк белых клавиш,10,мм,14c,Forss 2009
Samick,G-3A,Друк белых клавиш,10,мм,14d,Forss 2009
Samick,SG-185,Друк белых клавиш,10,мм,14e,Forss 2009
Samick,SG-205,Друк белых клавиш,10,мм,14f,Forss 2009
Samick,SG-225,Друк белых клавиш,10,мм,14g,Forss 2009
Samick,SG-275,Друк белых клавиш,10,мм,14h,Forss 2009
Samick,SG-140A,Друк черных клавиш,10,мм,14a,Forss 2009
Samick,SG-155,Друк черных клавиш,10,мм,14b,Forss 2009
Samick,SG-172,Друк черных клавиш,10,мм,14c,Forss 2009
Samick,G-3A,Друк черных клавиш,10,мм,14d,Forss 2009
Samick,SG-185,Друк черных клавиш,10,мм,14e,Forss 2009
Samick,SG-205,Друк черных клавиш,10,мм,14f,Forss 2009
Samick,SG-225,Друк черных клавиш,10,мм,14g,Forss 2009
Samick,SG-275,Друк черных клавиш,10,мм,14h,Forss 2009
Samick,SG-140A,Расстояние между осями фигур и молотков,115,мм,14a,Forss 2009
Samick,SG-155,Расстояние между осями фигур и молотков,115,мм,14b,Forss 2009
Samick,SG-172,Расстояние между осями фигур и молотков,115,мм,14c,Forss 2009
Samick,G-3A,Расстояние между осями фигур и молотков,115,мм,14d,Forss 2009
Samick,SG-185,Расстояние между осями фигур и молотков,115,мм,14e,Forss 2009
Samick,SG-205,Расстояние между осями фигур и молотков,115,мм,14f,Forss 2009
Samick,SG-225,Расстояние между осями фигур и молотков,115,мм,14g,Forss 2009
Samick,SG-275,Расстояние между осями фигур и молотков,115,мм,14h,Forss 2009
Samick,SG-140A,Штейнунг,47,мм,14a,Forss 2009
Samick,SG-155,Штейнунг,47,мм,14b,Forss 2009
Samick,SG-172,Штейнунг,47,мм,14c,Forss 2009
Samick,G-3A,Штейнунг,47,мм,14d,Forss 2009
Samick,SG-185,Штейнунг,47,мм,14e,Forss 2009
Samick,SG-205,Штейнунг,47,мм,14f,Forss 2009
Samick,SG-225,Штейнунг,47,мм,14g,Forss 2009
Samick,SG-275,Штейнунг,47,мм,14h,Forss 2009
Samick,SG-140A,Расстояние ауслезунга в басах,3,мм,14a,Forss 2009
Samick,SG-155,Расстояние ауслезунга в басах,3,мм,14b,Forss 2009
Samick,SG-172,Расстояние ауслезунга в басах,3,мм,14c,Forss 2009
Samick,G-3A,Расстояние ауслезунга в басах,3,мм,14d,Forss 2009
Samick,SG-185,Расстояние ауслезунга в басах,3,мм,14e,Forss 2009
Samick,SG-205,Расстояние ауслезунга в басах,3,мм,14f,Forss 2009
Samick,SG-225,Расстояние ауслезунга в басах,3,мм,14g,Forss 2009
Samick,SG-275,Расстояние ауслезунга в басах,2,мм,14h,Forss 2009
Samick,SG-140A,Расстояние ауслезунга от струн в середине,2,мм,14a,Forss 2009
Samick,SG-155,Расстояние ауслезунга от струн в середине,2,мм,14b,Forss 2009
Samick,SG-172,Расстояние ауслезунга от струн в середине,2,мм,14c,Forss 2009
Samick,G-3A,Расстояние ауслезунга от струн в середине,2,мм,14d,Forss 2009
Samick,SG-185,Расстояние ауслезунга от струн в середине,2,мм,14e,Forss 2009
Samick,SG-205,Расстояние ауслезунга от струн в середине,2,мм,14f,Forss 2009
Samick,SG-225,Расстояние ауслезунга от струн в середине,2,мм,14g,Forss 2009
Samick,SG-275,Расстояние ауслезунга от струн в середине,1.5,мм,14h,Forss 2009
Samick,SG-140A,Расстояние ауслезунга от струн в дискантах,1.5,мм,14a,Forss 2009
Samick,SG-155,Расстояние ауслезунга от струн в дискантах,1.5,мм,14b,Forss 2009
Samick,SG-172,Расстояние ауслезунга от струн в дискантах,1.5,мм,14c,Forss 2009
Samick,G-3A,Расстояние ауслезунга от струн в дискантах,1.5,мм,14d,Forss 2009
Samick,SG-185,Расстояние ауслезунга от струн в дискантах,1.5,мм,14e,Forss 2009
Samick,SG-205,Расстояние ауслезунга от струн в дискантах,1.5,мм,14f,Forss 2009
Samick,SG-225,Расстояние ауслезунга от струн в дискантах,1.5,мм,14g,Forss 2009
Samick,SG-275,Расстояние ауслезунга от струн в дискантах,1.0,мм,14h,Forss 2009
Samick,SG-140A,Расстояние абника от уровня ауслезунга в басах,2-3,мм,14a,Forss 2009
Samick,SG-155,Расстояние абника от уровня ауслезунга в басах,2-3,мм,14b,Forss 2009
Samick,SG-172,Расстояние абника от уровня ауслезунга в басах,2-3,мм,14c,Forss 2009
Samick,G-3A,Расстояние абника от уровня ауслезунга в басах,2-3,мм,14d,Forss 2009
Samick,SG-185,Расстояние абника от уровня ауслезунга в басах,2-3,мм,14e,Forss 2009
Samick,SG-205,Расстояние абника от уровня ауслезунга в басах,2-3,мм,14f,Forss 2009
Samick,SG-225,Расстояние абника от уровня ауслезунга в басах,2-3,мм,14g,Forss 2009
Samick,SG-275,Расстояние абника от уровня ауслезунга в басах,2-3,мм,14h,Forss 2009
Samick,SG-140A,Расстояние абника от уровня ауслезунга в середине,2-3,мм,14a,Forss 2009
Samick,SG-155,Расстояние абника от уровня ауслезунга в середине,2-3,мм,14b,Forss 2009
Samick,SG-172,Расстояние абника от уровня ауслезунга в середине,2-3,мм,14c,Forss 2009
Samick,G-3A,Расстояние абника от уровня ауслезунга в середине,2-3,мм,14d,Forss 2009
Samick,SG-185,Расстояние абника от уровня ауслезунга в середине,2-3,мм,14e,Forss 2009
Samick,SG-205,Расстояние абника от уровня ауслезунга в середине,2-3,мм,14f,Forss 2009
Samick,SG-225,Расстояние абника от уровня ауслезунга в середине,2-3,мм,14g,Forss 2009
Samick,SG-275,Расстояние абника от уровня ауслезунга в середине,2-3,мм,14h,Forss 2009
Samick,SG-140A,Расстояние абника от уровня ауслезунга в дискантах,2-3,мм,14a,Forss 2009
Samick,SG-155,Расстояние абника от уровня ауслезунга в дискантах,2-3,мм,14b,Forss 2009
Samick,SG-172,Расстояние абника от уровня ауслезунга в дискантах,2-3,мм,14c,Forss 2009
Samick,G-3A,Расстояние абника от уровня ауслезунга в дискантах,2-3,мм,14d,Forss 2009
Samick,SG-185,Расстояние абника от уровня ауслезунга в дискантах,2-3,мм,14e,Forss 2009
Samick,SG-205,Расстояние абника от уровня ауслезунга в дискантах,2-3,мм,14f,Forss 2009
Samick,SG-225,Расстояние абника от уровня ауслезунга в дискантах,2-3,мм,14g,Forss 2009
Samick,SG-275,Расстояние абника от уровня ауслезунга в дискантах,2-3,мм,14h,Forss 2009
Samick,SG-140A,Подхват на фенгер от струн в басах,15,мм,14a,Forss 2009
Samick,SG-155,Подхват на фенгер от струн в басах,15,мм,14b,Forss 2009
Samick,SG-172,Подхват на фенгер от струн в басах,15,мм,14c,Forss 2009
Samick,G-3A,Подхват на фенгер от струн в басах,15,мм,14d,Forss 2009
Samick,SG-185,Подхват на фенгер от струн в басах,15,мм,14e,Forss 2009
Samick,SG-205,Подхват на фенгер от струн в басах,15,мм,14f,Forss 2009
Samick,SG-225,Подхват на фенгер от струн в басах,15,мм,14g,Forss 2009
Samick,SG-275,Подхват на фенгер от струн в басах,15,мм,14h,Forss 2009
Samick,SG-140A,Подхват на фенгер от струн в середине,15,мм,14a,Forss 2009
Samick,SG-155,Подхват на фенгер от струн в середине,15,мм,14b,Forss 2009
Samick,SG-172,Подхват на фенгер от струн в середине,15,мм,14c,Forss 2009
Samick,G-3A,Подхват на фенгер от струн в середине,15,мм,14d,Forss 2009
Samick,SG-185,Подхват на фенгер от струн в середине,15,мм,14e,Forss 2009
Samick,SG-205,Подхват на фенгер от струн в середине,15,мм,14f,Forss 2009
Samick,SG-225,Подхват на фенгер от струн в середине,15,мм,14g,Forss 2009
Samick,SG-275,Подхват на фенгер от струн в середине,15,мм,14h,Forss 2009
Samick,SG-140A,Подхват на фенгер от струн в дискантах,15,мм,14a,Forss 2009
Samick,SG-155,Подхват на фенгер от струн в дискантах,15,мм,14b,Forss 2009
Samick,SG-172,Подхват на фенгер от струн в дискантах,15,мм,14c,Forss 2009
Samick,G-3A,Подхват на фенгер от струн в дискантах,15,мм,14d,Forss 2009
Samick,SG-185,Подхват на фенгер от струн в дискантах,15,мм,14e,Forss 2009
Samick,SG-205,Подхват на фенгер от струн в дискантах,15,мм,14f,Forss 2009
Samick,SG-225,Подхват на фенгер от струн в дискантах,15,мм,14g,Forss 2009
Samick,SG-275,Подхват на фенгер от струн в дискантах,15,мм,14h,Forss 2009
Samick,SG-140A,Позиция шпиллера относительно плоскости репетиционного рычага,0.2,мм,14a,Forss 2009
Samick,SG-155,Позиция шпиллера относительно плоскости репетиционного рычага,0.2,мм,14b,Forss 2009
Samick,SG-172,Позиция шпиллера относительно плоскости репетиционного рычага,0.2,мм,14c,Forss 2009
Samick,G-3A,Позиция шпиллера относительно плоскости репетиционного рычага,0.2,мм,14d,Forss 2009
Samick,SG-185,Позиция шпиллера относительно плоскости репетиционного рычага,0.2,мм,14e,Forss 2009
Samick,SG-205,Позиция шпиллера относительно плоскости репетиционного рычага,0.2,мм,14f,Forss 2009
Samick,SG-225,Позиция шпиллера относительно плоскости репетиционного рычага,0.2,мм,14g,Forss 2009
Samick,SG-275,Позиция шпиллера относительно плоскости репетиционного рычага,0.2,мм,14h,Forss 2009
Samick,SG-140A,Полуход / момент начала подъема демпфера,23.5,мм,14a,Forss 2009
Samick,SG-155,Полуход / момент начала подъема демпфера,23.5,мм,14b,Forss 2009
Samick,SG-172,Полуход / момент начала подъема демпфера,23.5,мм,14c,Forss 2009
Samick,G-3A,Полуход / момент начала подъема демпфера,23.5,мм,14d,Forss 2009
Samick,SG-185,Полуход / момент начала подъема демпфера,23.5,мм,14e,Forss 2009
Samick,SG-205,Полуход / момент начала подъема демпфера,23.5,мм,14f,Forss 2009
Samick,SG-225,Полуход / момент начала подъема демпфера,23.5,мм,14g,Forss 2009
Samick,SG-275,Полуход / момент начала подъема демпфера,23.5,мм,14h,Forss 2009
Steinway & Sons,S–B Hamburg,Высота белых клавиш без облицовки над штульрамой,63,мм,15,Forss 2009
Steinway & Sons,C–D Hamburg,Высота белых клавиш без облицовки над штульрамой,65,мм,16,Forss 2009
Steinway & Sons,S–L New York,Высота белых клавиш без облицовки над штульрамой,65.9,мм,17,Forss 2009
Steinway & Sons,B–D New York,Высота белых клавиш без облицовки над штульрамой,65.9,мм,18,Forss 2009
Steinway & Sons,S–B Hamburg,Высота черных клавиш над белыми,12,мм,15,Forss 2009
Steinway & Sons,C–D Hamburg,Высота черных клавиш над белыми,12,мм,16,Forss 2009
Steinway & Sons,S–L New York,Высота черных клавиш над белыми,12.7,мм,17,Forss 2009
Steinway & Sons,B–D New York,Высота черных клавиш над белыми,12.7,мм,18,Forss 2009
Yamaha,стандарт,Высота черных клавиш над белыми,12,мм,19,Forss 2009
Yamaha,CF,Высота черных клавиш над белыми,12,мм,20,Forss 2009
Steinway & Sons,S–B Hamburg,Нажатая черная клавиша над ненажатой белой,2.5,мм,15,Forss 2009
Steinway & Sons,C–D Hamburg,Нажатая черная клавиша над ненажатой белой,2.25,мм,16,Forss 2009
Steinway & Sons,S–L New York,Нажатая черная клавиша над ненажатой белой,1.6-2.0,мм,17,Forss 2009
Steinway & Sons,B–D New York,Нажатая черная клавиша над ненажатой белой,1.6-2.0,мм,18,Forss 2009
Steinway & Sons,S–B Hamburg,Возвышение середины клавиатуры над краями,2,мм,15,Forss 2009
Steinway & Sons,C–D Hamburg,Возвышение середины клавиатуры над краями,2,мм,16,Forss 2009
Steinway & Sons,S–L New York,Возвышение середины клавиатуры над краями,0.8,мм,17,Forss 2009
Steinway & Sons,B–D New York,Возвышение середины клавиатуры над краями,0.8,мм,18,Forss 2009
Steinway & Sons,S–B Hamburg,Друк белых клавиш,9.5,мм,15,Forss 2009
Steinway & Sons,C–D Hamburg,Друк белых клавиш,9.75,мм,16,Forss 2009
Steinway & Sons,S–L New York,Друк белых клавиш,9.9,мм,17,Forss 2009
Steinway & Sons,B–D New York,Друк белых клавиш,10.7,мм,18,Forss 2009
Yamaha,стандарт,Друк белых клавиш,10.0,мм,19,Forss 2009
Yamaha,CF,Друк белых клавиш,10.0,мм,20,Forss 2009
Yamaha,стандарт,Друк черных клавиш,10.0,мм,19,Forss 2009
Yamaha,CF,Друк черных клавиш,10.0,мм,20,Forss 2009
Steinway & Sons,S–L New York,Штульрама плоская или с возвышением,0,мм,17,Forss 2009
Steinway & Sons,B–D New York,Штульрама плоская или с возвышением,0,мм,18,Forss 2009
Steinway & Sons,S–B Hamburg,Люфт клавиш на средних и передних штифтах,0.1,мм,15,Forss 2009
Steinway & Sons,C–D Hamburg,Люфт клавиш на средних и передних штифтах,0.1,мм,16,Forss 2009
Steinway & Sons,S–L New York,Люфт клавиш на средних и передних штифтах,0.1,мм,17,Forss 2009
Steinway & Sons,B–D New York,Люфт клавиш на средних и передних штифтах,0.1,мм,18,Forss 2009
Steinway & Sons,S–B Hamburg,Расстояние между осями фигур и молотков,114,мм,15,Forss 2009
Steinway & Sons,C–D Hamburg,Расстояние между осями фигур и молотков,114,мм,16,Forss 2009
Yamaha,стандарт,Расстояние между осями фигур и молотков,112.5,мм,19,Forss 2009
Yamaha,CF,Расстояние между осями фигур и молотков,112.5,мм,20,Forss 2009
Steinway & Sons,S–B Hamburg,Штейнунг,47,мм,15,Forss 2009
Steinway & Sons,C–D Hamburg,Штейнунг,47,мм,16,Forss 2009
Steinway & Sons,S–L New York,Штейнунг,45,мм,17,Forss 2009
Steinway & Sons,B–D New York,Штейнунг,48,мм,18,Forss 2009
Yamaha,стандарт,Штейнунг,47.5,мм,19,Forss 2009
Yamaha,CF,Штейнунг,47.5,мм,20,Forss 2009
Steinway & Sons,S–B Hamburg,Расстояние от гаммерштилей до польстера рулейстика,3-4,мм,15,Forss 2009
Steinway & Sons,C–D Hamburg,Расстояние от гаммерштилей до польстера рулейстика,3-4,мм,16,Forss 2009
Steinway & Sons,S–L New York,Расстояние от гаммерштилей до польстера рулейстика,5.0,мм,17,Forss 2009
Steinway & Sons,B–D New York,Расстояние от гаммерштилей до польстера рулейстика,5.0,мм,18,Forss 2009
Steinway & Sons,S–L New York,Расстояние ауслезунга в басах,4-2,мм,17,Forss 2009
Steinway & Sons,B–D New York,Расстояние ауслезунга в басах,4-2,мм,18,Forss 2009
Yamaha,стандарт,Расстояние ауслезунга в басах,3,мм,19,Forss 2009
Yamaha,CF,Расстояние ауслезунга в басах,3,мм,20,Forss 2009
Steinway & Sons,S–B Hamburg,Расстояние ауслезунга от струн в середине,1.5,мм,15,Forss 2009
Steinway & Sons,C–D Hamburg,Расстояние ауслезунга от струн в середине,1.5,мм,16,Forss 2009
Steinway & Sons,S–L New York,Расстояние ауслезунга от струн в середине,2,мм,17,Forss 2009
Steinway & Sons,B–D New York,Расстояние ауслезунга от струн в середине,2,мм,18,Forss 2009
Yamaha,стандарт,Расстояние ауслезунга от струн в середине,2,мм,19,Forss 2009
Yamaha,CF,Расстояние ауслезунга от струн в середине,2,мм,20,Forss 2009
Steinway & Sons,S–B Hamburg,Расстояние ауслезунга от струн в дискантах,1.0,мм,15,Forss 2009
Steinway & Sons,C–D Hamburg,Расстояние ауслезунга от струн в дискантах,1.0,мм,16,Forss 2009
Steinway & Sons,S–L New York,Расстояние ауслезунга от струн в дискантах,1.6,мм,17,Forss 2009
Steinway & Sons,B–D New York,Расстояние ауслезунга от струн в дискантах,1.6,мм,18,Forss 2009
Yamaha,стандарт,Расстояние ауслезунга от струн в дискантах,2.2,мм,19,Forss 2009
Yamaha,CF,Расстояние ауслезунга от струн в дискантах,2.2,мм,20,Forss 2009
Steinway & Sons,S–B Hamburg,Расстояние абника от уровня ауслезунга в басах,2,мм,15,Forss 2009
Steinway & Sons,C–D Hamburg,Расстояние абника от уровня ауслезунга в басах,2,мм,16,Forss 2009
Steinway & Sons,S–L New York,Расстояние абника от уровня ауслезунга в басах,1.6,мм,17,Forss 2009
Steinway & Sons,B–D New York,Расстояние абника от уровня ауслезунга в басах,1.6,мм,18,Forss 2009
Yamaha,стандарт,Расстояние абника от уровня ауслезунга в басах,2,мм,19,Forss 2009
Yamaha,CF,Расстояние абника от уровня ауслезунга в басах,2,мм,20,Forss 2009
Steinway & Sons,S–B Hamburg,Расстояние абника от уровня ауслезунга в середине,2,мм,15,Forss 2009
Steinway & Sons,C–D Hamburg,Расстояние абника от уровня ауслезунга в середине,2,мм,16,Forss 2009
Steinway & Sons,S–L New York,Расстояние абника от уровня ауслезунга в середине,1.6,мм,17,Forss 2009
Steinway & Sons,B–D New York,Расстояние абника от уровня ауслезунга в середине,1.6,мм,18,Forss 2009
Yamaha,стандарт,Расстояние абника от уровня ауслезунга в середине,2,мм,19,Forss 2009
Yamaha,CF,Расстояние абника от уровня ауслезунга в середине,2,мм,20,Forss 2009
Steinway & Sons,S–B Hamburg,Расстояние абника от уровня ауслезунга в дискантах,2,мм,15,Forss 2009
Steinway & Sons,C–D Hamburg,Расстояние абника от уровня ауслезунга в дискантах,2,мм,16,Forss 2009
Steinway & Sons,S–L New York,Расстояние абника от уровня ауслезунга в дискантах,1.6,мм,17,Forss 2009
Steinway & Sons,B–D New York,Расстояние абника от уровня ауслезунга в дискантах,1.6,мм,18,Forss 2009
Yamaha,стандарт,Расстояние абника от уровня ауслезунга в дискантах,2,мм,19,Forss 2009
Yamaha,CF,Расстояние абника от уровня ауслезунга в дискантах,2,мм,20,Forss 2009
Steinway & Sons,S–B Hamburg,Подхват на фенгер от струн в басах,15,мм,15,Forss 2009
Steinway & Sons,C–D Hamburg,Подхват на фенгер от струн в басах,15,мм,16,Forss 2009
Steinway & Sons,S–L New York,Подхват на фенгер от струн в басах,13,мм,17,Forss 2009
Steinway & Sons,B–D New York,Подхват на фенгер от струн в басах,13,мм,18,Forss 2009
Yamaha,стандарт,Подхват на фенгер от струн в басах,16,мм,19,Forss 2009
Yamaha,CF,Подхват на фенгер от струн в басах,16,мм,20,Forss 2009
Steinway & Sons,S–B Hamburg,Подхват на фенгер от струн в середине,15,мм,15,Forss 2009
Steinway & Sons,C–D Hamburg,Подхват на фенгер от струн в середине,15,мм,16,Forss 2009
Steinway & Sons,S–L New York,Подхват на фенгер от струн в середине,13,мм,17,Forss 2009
Steinway & Sons,B–D New York,Подхват на фенгер от струн в середине,13,мм,18,Forss 2009
Yamaha,стандарт,Подхват на фенгер от струн в середине,15,мм,19,Forss 2009
Yamaha,CF,Подхват на фенгер от струн в середине,15,мм,20,Forss 2009
Steinway & Sons,S–B Hamburg,Подхват на фенгер от струн в дискантах,15,мм,15,Forss 2009
Steinway & Sons,C–D Hamburg,Подхват на фенгер от струн в дискантах,15,мм,16,Forss 2009
Steinway & Sons,S–L New York,Подхват на фенгер от струн в дискантах,13,мм,17,Forss 2009
Steinway & Sons,B–D New York,Подхват на фенгер от струн в дискантах,13,мм,18,Forss 2009
Yamaha,стандарт,Подхват на фенгер от струн в дискантах,15,мм,19,Forss 2009
Yamaha,CF,Подхват на фенгер от струн в дискантах,15,мм,20,Forss 2009
Steinway & Sons,S–B Hamburg,Позиция шпиллера относительно плоскости репетиционного рычага,0.1,мм,15,Forss 2009
Steinway & Sons,C–D Hamburg,Позиция шпиллера относительно плоскости репетиционного рычага,0.2,мм,16,Forss 2009
Steinway & Sons,S–L New York,Позиция шпиллера относительно плоскости репетиционного рычага,0.1,мм,17,Forss 2009
Steinway & Sons,B–D New York,Позиция шпиллера относительно плоскости репетиционного рычага,0.1,мм,18,Forss 2009
Yamaha,стандарт,Позиция шпиллера относительно плоскости репетиционного рычага,0.1-0.2,мм,19,Forss 2009
Yamaha,CF,Позиция шпиллера относительно плоскости репетиционного рычага,0.1-0.2,мм,20,Forss 2009
Steinway & Sons,S–B Hamburg,Положение шпиллера относительно задней грани керна барабанчика,0.0,мм,15,Forss 2009
Steinway & Sons,C–D Hamburg,Положение шпиллера относительно задней грани керна барабанчика,0.0,мм,16,Forss 2009
Steinway & Sons,S–B Hamburg,Полуход / момент начала подъема демпфера,23.5,мм,15,Forss 2009
Steinway & Sons,C–D Hamburg,Полуход / момент начала подъема демпфера,23.5,мм,16,Forss 2009
Yamaha,стандарт,Полуход / момент начала подъема демпфера,24,мм,19,Forss 2009
Yamaha,CF,Полуход / момент начала подъема демпфера,24,мм,20,Forss 2009
Steinway & Sons,S–B Hamburg,Люфт демпферных проволок в отверстиях направляющего лейстика,0.1,мм,15,Forss 2009
Steinway & Sons,C–D Hamburg,Люфт демпферных проволок в отверстиях направляющего лейстика,0.1,мм,16,Forss 2009
Steinway & Sons,S–L New York,Расстояние до упора демпферных фигур в демпферлейстик при нажатых клавишах,2.5-1.6,мм,17,Forss 2009
Steinway & Sons,B–D New York,Расстояние до упора демпферных фигур в демпферлейстик при нажатых клавишах,2.5-1.6,мм,18,Forss 2009
Steinway & Sons,S–L New York,Расстояние до упора демпферных фигур в демпферлейстик при нажатой правой педали,2.5-1.6,мм,17,Forss 2009
Steinway & Sons,B–D New York,Расстояние до упора демпферных фигур в демпферлейстик при нажатой правой педали,2.5-1.6,мм,18,Forss 2009
Steinway & Sons,S–B Hamburg,Минимальный статический игровой вес без демпферов в басах,47,г,15,Forss 2009
Steinway & Sons,S–L New York,Минимальный статический игровой вес без демпферов в басах,50,г,17,Forss 2009
Steinway & Sons,S–B Hamburg,Минимальный статический игровой вес без демпферов в середине,47,г,15,Forss 2009
Steinway & Sons,S–L New York,Минимальный статический игровой вес без демпферов в середине,49-48,г,17,Forss 2009
Steinway & Sons,S–B Hamburg,Минимальный статический игровой вес без демпферов в дискантах,47,г,15,Forss 2009
Steinway & Sons,S–L New York,Минимальный статический игровой вес без демпферов в дискантах,47,г,17,Forss 2009
Steinway & Sons,S–B Hamburg,"Вес подъема клавиши в басах, середине и дискантах",20-27,г,15,Forss 2009
Steinway & Sons,C–D Hamburg,"Вес подъема клавиши в басах, середине и дискантах",20-27,г,16,Forss 2009
Steinway & Sons,S–L New York,"Вес подъема клавиши в басах, середине и дискантах",20-27,г,17,Forss 2009
Steinway & Sons,B–D New York,"Вес подъема клавиши в басах, середине и дискантах",20-27,г,18,Forss 2009
Steinway & Sons,S–L New York,Оригинальная длина басовых головок молотков,54,мм,17,Forss 2009
Steinway & Sons,B–D New York,Оригинальная длина басовых головок молотков,57,мм,18,Forss 2009
Steinway & Sons,S–L New York,Оригинальная длина головок молотков в середине и дискантах,46,мм,17,Forss 2009
Steinway & Sons,B–D New York,Оригинальная длина головок молотков в середине и дискантах,49,мм,18,Forss 2009
Steinway & Sons,S–L New York,Оригинальный вес головок молотков,7.3,г,17,Forss 2009
Steinway & Sons,B–D New York,Оригинальный вес головок молотков,8.2,г,18,Forss 2009
Steinway & Sons,S–B Hamburg,Сдвиг механики от левой педали,2.0,мм,15,Forss 2009
Steinway & Sons,C–D Hamburg,Сдвиг механики от левой педали,2.0,мм,16,Forss 2009
Steinway & Sons,S–L New York,Трение в оси капсюля молотка,3-6,г,17,Forss 2009
Steinway & Sons,B–D New York,Трение в оси капсюля молотка,3-6,г,18,Forss 2009
Yamaha,CF,Люфт на переднем штифте,0.3,мм,20,Forss 2009
Yamaha,CF,Люфт в среднем капсюле клавиш,0.1-0.2,мм,20,Forss 2009
